Name of the Part,Quantity,Individual Price,Total Price,Status,Link
"Dayton Audio DMA80-4 3"" 4 Ohm (Woofer)",2,16.98,33.96,Not Owned,https://www.parts-express.com/Dayton-Audio-DMA80-4-3-Dual-Magnet-Aluminum-Cone-Full-Range-Driver-4-Ohm-295-586?quantity=1
"Dayton Audio ND16FA-4 5/8"" Tweeter 4 Ohm",2,8.98,17.96,Not Owned,https://www.parts-express.com/Dayton-Audio-ND16FA-4-5-8-Soft-Dome-Neodymium-Tweeter-4-Ohm-275-106?quantity=1
"Dayton Audio DMA80-PR 3"" DMA (Passive Radiator)",2,9.49,18.98,Not Owned,https://www.parts-express.com/Dayton-Audio-DMA80-PR-3-DMA-Series-Passive-Radiator-295-595?quantity=1
,,,,,
Dayton Audio LW18-15 0.15mH 18AWG (Inductor),4,5,20,Not Owned,https://www.parts-express.com/Dayton-Audio-LW18-15-0.15mH-18-AWG-Perfect-Layer-Inductor-257-804?quantity=1
Dayton Audio DMPC 4.7uF 250V (Capacitor),6,1.69,10.14,Not Owned,https://www.parts-express.com/Dayton-Audio-DMPC-4.7-4.7uF-250V-Polypropylene-Capacitor-027-422?quantity=1
10uF 100V Electrolytic Non-Polarized Capacitor,2,1.09,2.18,Not Owned,https://www.parts-express.com/10uF-100V-Non-Polarized-Capacitor-027-340?quantity=1
Dayton Audio DNR 6.0 Ohm 10W,4,1.25,5,Not Owned,https://www.parts-express.com/Dayton-Audio-DNR-6.0-6-Ohm-10W-Precision-Audio-Grade-Resisto-004-6?quantity=1
Dayton Audio DNR 2.0 Ohm 10W,2,1.25,2.5,Not Owned,https://www.parts-express.com/Dayton-Audio-DNR-2.0-2-Ohm-10W-Precision-Audio-Grade-Resisto-004-2?quantity=1
,,,,,
Raspberry Pi Zero 2 W,1,14.99,14.99,Owned,https://www.microcenter.com/product/486575/Zero_W_Development_Board;_Bluetooth_41;_1GHz_single-core_CPU;_512MB_RAM;_Mini_HDMI_and_USB_On-The-Go_ports;_CSI_camera_connector?storeID=131
SanDisk High Endurance 32GB microSD,1,22.99,22.99,Owned,https://www.amazon.com/SanDisk-Endurance-microSDHC-Adapter-Monitoring/dp/B07P14QHB7/ref=sr_1_1?crid=3BMJ0SNZQBGBK&dib=eyJ2IjoiMSJ9.fpElPicdVv8Sley0fZzRa5klasL-p7v0RZd7G0y2T2xih5LTAPqj_n9VujsQqF6KP07iAkNNESRvmiAlTfrAi3X5vHSq6w0o6lR7d1AC0HrbZmqMp7Q48VFIxAca-CbYRWXVXJv8be9lFvOj_DCzof2sMg_5v8Fdh7KHRAHazzVBrRFMz4b5XruwcBjcQfdBWMlEGE1RWqNrjt8Y6IG6iYc5wWupgFK95Rtb9hUMDl8.NstiqS-kQmzVF7kppV5lSEfhBF-DDhiClLzQvJIP-UQ&dib_tag=se&keywords=SanDisk%2BHigh%2BEndurance%2B32GB%2BmicroSD&qid=1781475488&sprefix=sandisk%2Bhigh%2Bendurance%2B32gb%2Bmicrosd%2Caps%2C124&sr=8-1&th=1
"7"" 1024x600 HDMI LCD Monitor",1,29.58,29.58,Owned,https://www.aliexpress.us/item/3256807246146590.html?spm=a2g0o.detail.pcDetailBottomMoreOtherSeller.20.2250vqgAvqgA0o&gps-id=pcDetailBottomMoreOtherSeller&scm=1007.40050.354490.0&scm_id=1007.40050.354490.0&scm-url=1007.40050.354490.0&pvid=f58856cf-899a-4378-9c0b-f5b20f594a3f&_t=gps-id%3ApcDetailBottomMoreOtherSeller%2Cscm-url%3A1007.40050.354490.0%2Cpvid%3Af58856cf-899a-4378-9c0b-f5b20f594a3f%2Ctpp_buckets%3A668%232846%238113%231998&pdp_ext_f=%7B%22order%22%3A%2211355%22%2C%22eval%22%3A%221%22%2C%22sceneId%22%3A%2230050%22%2C%22fromPage%22%3A%22recommend%22%7D&pdp_npi=6%40dis%21USD%2138.63%2114.40%21%21%21261.34%2197.42%21%402101ea8c17826607912132608e1485%2112000040732762130%21rec%21US%217848567536%21ABXZ%211%210%21n_tag%3A-29910%3Bd%3A548d1a24%3Bm03_new_user%3A-29895%3BpisId%3A5000000209510136&utparam-url=scene%3ApcDetailBottomMoreOtherSeller%7Cquery_from%3A%7Cx_object_id%3A1005007432461342%7C_p_origin_prod%3A
PCM5102A I2S DAC Board,1,11.99,11.99,Owned,https://www.amazon.com/HiLetgo-Lossless-Digital-Converter-Raspberry/dp/B07Q9K5MT8/ref=sr_1_13?dib=eyJ2IjoiMSJ9.3opmNSuydIj_YHWcnbXBNjQN5WC2wKZC7IuAjR7cHF0FlR_Gi7DfzjFeFLO2WzgqBFfCrshpXVbdFNT0yb5mkJrlL5LTFrdhWo4dGPN_ZbieDIHEQOY8P5MWM89jdTjcWXqpPyh1iOw9fmegaMsMJX6nDcRwZD1b-ZtkEpYHUJ_RaiBtQFGOfFUIaXa3PxtaOGFLnH0QF9KhSo3NAL0xcmFgae1inZY9XV4C3sSeQ6o.8LA9r4kYgc6_KaGvL-epZXvavMkpVWu4SNIGGzsPPL0&dib_tag=se&keywords=PCM5102A+I2S+DAC+MODULE&qid=1781484664&refinements=p_n_condition-type%3A2224371011&rnid=2224369011&sr=8-13
"**Flat ribbon (FPV) mini-HDMI → HDMI cable, 20cm**",1,7.99,7.99,Not Owned,https://www.amazon.com/JSER-Degree-Angled-Multicopter-Photography/dp/B073335YLW/ref=sr_1_7?crid=15CB2G2GO26ED&dib=eyJ2IjoiMSJ9.hmuzxemFPazKrog9psq0E70g76HZienLgx9evmYBzTsUUuCH1V9ojM-Rp85OJAPEJTe0prPik2vby14eKYe9UszXrPouiW4p7JsCXvfkRcDTZJNNUb0I11KGNztRqkniyZ4G5KFtwGIDItVCCkjSF-984R0895QP9KJRndQd64rVxOZ1j5gB1zYuvYzS1TVVLZYVabRA00Uys7Een-5h_0w_nX6Dxe1reacByzBI0og.wXnGy5N73hTm6yQavyCFPM6HnJ7wrhEH9FYTuwhixWI&dib_tag=se&keywords=fpv%2Bhdmi%2Bto%2Bmicro-hdmi&qid=1783832629&sprefix=fpv%2Bhdmi%2Bto%2Bmirco-hdmi%2Caps%2C156&sr=8-7&th=1
Breakable Header Pins,1,2.62,2.62,Owned,https://www.aliexpress.us/item/3256810262146599.html?spm=a2g0o.detail.pcDetailTopMoreOtherSeller.1.6a2buGL5uGL56g&gps-id=pcDetailTopMoreOtherSeller&scm=1007.40050.354490.0&scm_id=1007.40050.354490.0&scm-url=1007.40050.354490.0&pvid=17882459-636c-4d1b-ba80-e675fbb7dd1e&_t=gps-id%3ApcDetailTopMoreOtherSeller%2Cscm-url%3A1007.40050.354490.0%2Cpvid%3A17882459-636c-4d1b-ba80-e675fbb7dd1e%2Ctpp_buckets%3A668%232846%238113%231998&pdp_ext_f=%7B%22order%22%3A%22249%22%2C%22eval%22%3A%221%22%2C%22sceneId%22%3A%2230050%22%2C%22fromPage%22%3A%22recommend%22%7D&pdp_npi=6%40dis%21USD%215.21%210.99%21%21%2135.26%216.74%21%402103126e17826634671373377e7fad%2112000052444952324%21rec%21US%217848567536%21ABX%211%210%21n_tag%3A-29910%3Bd%3Ac17d741f%3Bm03_new_user%3A-29895%3BpisId%3A5000000207262906&utparam-url=scene%3ApcDetailTopMoreOtherSeller%7Cquery_from%3A%7Cx_object_id%3A1005010448461351%7C_p_origin_prod%3A
,,,,,
Samsung 35E 18650 3500mAh 8A Battery,4,4.99,19.96,Not Owned,https://www.18650batterystore.com/products/samsung-35e-18650-3500mah-8a-battery?_pos=1&_sid=3638ce35d&_ss=r
HiLetgo 14.8V 4S 30A 18650 Li-ion ,1,7.49,7.49,Not Owned,https://www.amazon.com/HiLetgo-Lithium-Integrated-Circuits-Protection/dp/B07X28845M
IP2368 Bidirectional 100w Fast Charging Module Buck-Boost Type-c Interface 4S Lithium Battery High-Power Fast Charging Board,1,19.99,19.99,Owned,https://www.newegg.com/p/2TP-005G-00EP0
1 Pack DC to DC 5A Adjustable Buck Regulator,1,5.99,5.99,Not Owned,https://www.amazon.com/NOYITO-Adjustable-Regulator-Supply-Module/dp/B07G446KHJ/ref=sr_1_7?dib=eyJ2IjoiMSJ9.8FBZTM_mhtZ2x7lAj-ygxtRQ4gVXwbapv8_6IpJSAa3145XUfw56iudA5NaG7pQVCs2zPIgUFyv0avxF4eafVjgsDHMT_PpoElgoLwCRQTxTJKuRvFn1gvUrIvbU8CkVso1T_zJ3hE-7v0mFKnMQTQOrfAGe4qcWq2x-KealrwLTX-AD_joKqBgPRJ7AaFR08bz7DgIBiPmOC8ZqhouDnOBB1Q20-fkJYHLG4ohlAcehactKQ4zupJb3QS0q7JDE_U7VBB8aDueMZK8si6KG4eCNO0oRVyucMVCFnLtxBh0.OufE9QyKNu9l9_wQi4Zroe2uNTzlwCCcGiVbJcGzdjk&dib_tag=se&keywords=5A+DC-DC+Buck+converter&qid=1782666166&s=industrial&sr=1-7
"Single 22AWG Short Micro USB Pigtail 2 Wire Power Cable,0.3M/1FT 5V 3A Micro USB Male 2 Pin Bare Wire Open End",2,4.99,9.98,Not Owned,https://www.amazon.com/EAHOSUCC-Single-Pigtail-Extension-Connectors/dp/B0DG61VZ4H/ref=sr_1_8?dib=eyJ2IjoiMSJ9.SVwKnbZ_Y0LjsPoliYZtDI7rPETjcom6wSx-_RDbquCI72dCCo26o95jZdLDXWOc5j0tRqvfzSWrVI6Je1w3Y2CkxI7rYJSEcndbwseFdLvAPWvBvLCHEUU3bpzO08fLqQJAVESSV47XVWgRO5AjlsFqaexae7YdmBu5oxgvPd7Yis8RtmvGS2Dss-sQ-wPD6btpiUZPfIjm_BPr-IxsFdefDjYUbsTMgXvK2O1Pp0I.wH4Qv90O0rFBGF12QghzA5zJNaBDOR5ir0dQYfYAbPc&dib_tag=se&keywords=micro%2Busb%2Bpigtail%2Bbare%2Bwire%2Bpower&qid=1781505809&sr=8-8&th=1
"SPST rocker switch, 10A, panel mount, DC-rated",1,5.99,5.99,Not Owned,https://www.amazon.com/ZUPAYIPA-Solder-Rocker-Switch-Toggle/dp/B01N2U8PK0/ref=sr_1_3?crid=3JW0QR2B5TLYQ&dib=eyJ2IjoiMSJ9.XUr3gk0nVdTx2rOftBUf46Nhqu5TSM6glEQIU4qyXvjp7BVvUdl7EPNAeehDsO6s0RbabGfcCRHPys4Fx0ChF0vRCPJ7xMmgtFAyWW8q4CECqaaACG7LxeJg6dtCwhbjUTRGNzb1qBtyDloflqd6DxIYhfbs8KW_Wm8YSF8cr1ZMdmg4VdjFpfM124LCME0Cd3ZS1kiY9Yj2d_tkvZgQFzukuJ2l1Zlhveyo6bRYE7Y.p1gW4aWUk3SyC_7945Lw0WUdMC_9ecxkCldi-H4kxzQ&dib_tag=se&keywords=SPST+rocker+switch%2C+10A%2C+panel+mount%2C+DC-rated&qid=1781506007&sprefix=spst+rocker+switch%2C+10a%2C+panel+mount%2C+dc-rated%2Caps%2C166&sr=8-3
"PVC heat-shrink battery wrap, 85–100mm flat ",1,1.31,1.31,Owned,https://www.aliexpress.us/item/3256806945110023.html?spm=a2g0o.productlist.main.1.54cfdbf1TvzDEj&algo_pvid=2cad4885-ae0f-49c7-8a2e-d29cdbddbf02&algo_exp_id=2cad4885-ae0f-49c7-8a2e-d29cdbddbf02-0&pdp_ext_f=%7B%22order%22%3A%228836%22%2C%22eval%22%3A%221%22%2C%22fromPage%22%3A%22search%22%7D&pdp_npi=6%40dis%21USD%211.41%211.39%21%21%211.41%211.39%21%402101d6ff17831333068703644e9d88%2112000039509409535%21sea%21US%217848567536%21X%211%210%21n_tag%3A-29911%3Bd%3A548d1a24%3Bm03_new_user%3A-29895&curPageLogUid=nOy8J3vOjCuD&utparam-url=scene%3Asearch%7Cquery_from%3A%7Cx_object_id%3A1005007131424775%7C_p_origin_prod%3A
Inline ATO blade fuse holder 14 AWG 12V,1,5.09,5.09,Not Owned,https://www.amazon.com/Waterproof-Standard-Automotive-Lighting-Electrical/dp/B0D9JDD2LY/ref=sr_1_9?dib=eyJ2IjoiMSJ9.sONmDk_8Bty4ZUY-nZe4_K5tWJj--RmfFQ0EAGYKnUdy1CGIIV_3LyJvUiqh1KI5-ZRUVhETej5gdiW1E9yU4TlUv-m-1-_XB16nakyzoCvyICZSlT2cBYVs2-h47tUyh4Mmn17x7mLhkMNpHewFcsyxf9BOeLOj-mLbPA4z12Ji6hYAa1BwCTx1-wKxTowfIdtmntH8HQOmvTXfy1QPzmfcnwyIvUOUnGzWUX-mlQA.tqJ0-Ep0ramml7eEGtXgj7qMVq0DBVcbS5p2Ukc3uuY&dib_tag=se&keywords=inline%2BATO%2Bblade%2Bfuse%2Bholder%2B14%2BAWG&qid=1781506523&sr=8-9&th=1
5A ATO Blade Fuses,1,4.99,4.99,Not Owned,https://www.amazon.com/40Pcs-Standard-Automotive-5A-Motorcycle/dp/B0CS3TL3WZ/ref=sr_1_9?crid=2ZKWL2NGB4YT&dib=eyJ2IjoiMSJ9.XP8MCvAA5CgcEouV4oSvm-ljK5H43-G_J2ZsPQyQ_b7wE0P7pQ0_gsY9-YzKTJJhbo4qH1a0OgrgKuumrVefNZ_CuJJwcmCfdSZtyI2otu3AGuSMlxjd3vg_rI3RKhlyMFrtpkh7zQ-ZF0i88baXuUOnrP0P-Pvmg20hgmKyz7FL8h8LGRkQoJYGb5oPQ21tQ3BxAn1wid6_5cqalOsrkuPggOS_ijMr68HDxETfkyk.wVY2HMawSERWYJW04I7J2vdf2YIXZUw3gDvG-I5IcF4&dib_tag=se&keywords=5A%2BATO%2Bblade%2Bfuses&qid=1782225579&sprefix=5a%2Bato%2Bblade%2Bfuses%2Caps%2C259&sr=8-9&th=1
22 AWG Speaker Wire,1,5.18,5.18,Not Owned,https://www.amazon.com/Electrical-Gauge-Silicone-Cable-Black/dp/B0746HG158/ref=sr_1_3?crid=19U1NFYX3YD2O&dib=eyJ2IjoiMSJ9.iuGBqpYuNQ9MFT7fpAHtzOrvUHB86PlIFOjTl1I28jgFreMRzfsehnqNkXJq_aHcnXmgGBOj3ZDyz7zizhqK-XrPL2ZeSt9xh_W6byEucUkOQiK4I3oRYhnb7iJIRAf8BWS0mU6PLs14Bz52k0uNX1nSH5AAXOA_iH1qR8ytYHNab918JuOT8qEmC7Q-xkXNV7wYdCl2LvxvRtiZbrHBlw1iKR87hV_XgtsJJk8R7oC9LCxbEHEo-u4yB5ZT7OYHCUkBJPt4oTsx5ybGOM60Da7LHERfo8kLSn-Okl3G6D8.Z2QNmTNPAI1sI-T89faWUKiNcweGqISMmhRZFr4dGBM&dib_tag=se&keywords=22%2BAWG%2Bstranded%2Bspeaker%2Bwire&qid=1783788864&s=hi&sprefix=22%2Bawg%2Bstranded%2Bspeaker%2Bwire%2Ctools%2C141&sr=1-3&th=1
Battery Holder (No solder assembly),1,9.95,9.95,Not Owned,https://www.amazon.com/JESSINIE-Parallel-Battery-Holder-Storage/dp/B0DLGNJYCF/ref=sr_1_4?crid=MZVO07V3QNSL&dib=eyJ2IjoiMSJ9.Qf2Yh78jJ26lHzUZQoK_0Fy6j5uhK5n7uw5S7wesMx7Vi7davlSlMmWPjCCR9FjnWSYc89fclKGCinUIxoI43UdRanGySHXFhWfv5k3Z1Ddi50TCA0VWXCuyPr2du9YPZBFeOGv4N1R4m8rKDAxwjyEpfcwA2ajuOkaZBvZCb-fMjeS2swtWDv7BqGXZ_nxcJgk_bTd47e7lkbpSFSM5PxHzMMju83VdiKTk3EHAYAY.t0W-I4xffcEaUeb4kmTFC6j7RUZHy2--ilzr_aro5KU&dib_tag=se&keywords=18650+battery+holders&qid=1782685255&sprefix=18650+battery+holders%2Caps%2C186&sr=8-4
,,,,,
120 Pcs 6 x 6mm x 5mm Momentary Tactile Tact Push Button Switch for PCB 4 Pin DIP Black,1,2.69,2.69,Owned,https://www.aliexpress.us/item/3256808710270766.html?spm=a2g0o.productlist.main.10.590aGqOuGqOumO&algo_pvid=0ab6e438-a207-4ee3-a6f9-aeed1e995638&algo_exp_id=0ab6e438-a207-4ee3-a6f9-aeed1e995638-9&pdp_ext_f=%7B%22order%22%3A%221645%22%2C%22eval%22%3A%221%22%2C%22fromPage%22%3A%22search%22%7D&pdp_npi=6%40dis%21USD%212.86%210.99%21%21%2119.35%216.70%21%402101e2b617826626533238492e01c9%2112000047112512975%21sea%21US%217848567536%21ABX%211%210%21n_tag%3A-29910%3Bd%3A548d1a24%3Bm03_new_user%3A-29895%3BpisId%3A5000000207262906&curPageLogUid=6Tx3cFUua7Z6&utparam-url=scene%3Asearch%7Cquery_from%3A%7Cx_object_id%3A1005008896585518%7C_p_origin_prod%3A
"Jumper Wires (Female, Male, Male to Female)",1,1.63,1.63,Owned,https://www.aliexpress.us/item/3256807295409346.html?spm=a2g0o.productlist.main.4.3cf1QedYQedYL4&aem_p4p_detail=20260703194906648187799486590002914588&algo_pvid=a858d4e3-c42d-4c2d-95a3-636f9acdb52e&algo_exp_id=a858d4e3-c42d-4c2d-95a3-636f9acdb52e-3&pdp_ext_f=%7B%22order%22%3A%221847%22%2C%22eval%22%3A%221%22%2C%22fromPage%22%3A%22search%22%7D&pdp_npi=6%40dis%21USD%211.66%211.63%21%21%2111.22%2111.01%21%402101e80317831333459815322ea697%2112000040928846413%21sea%21US%217848567536%21X%211%210%21n_tag%3A-29911%3Bd%3A548d1a24%3Bm03_new_user%3A-29895&curPageLogUid=hvfW5v3FvsVu&utparam-url=scene%3Asearch%7Cquery_from%3A%7Cx_object_id%3A1005007481724098%7C_p_origin_prod%3A&search_p4p_id=20260703194906648187799486590002914588_1
,,,,,
Pi Zero 2 W aluminum heatsink kit ,1,2.79,2.79,Owned,aliexpress.us/item/3256803606917294.html?spm=a2g0o.order_list.order_list_main.10.625d18028ShTLz&gatewayAdapt=glo2usa&_randl_shipto=US
Capacitor Assortment Kit,1,9.99,9.99,Not Owned,https://www.amazon.com/Tnisesm-Electrolytic-Capacitor-Assortment-Capacitors/dp/B0G5X62C69/ref=sr_1_24?dib=eyJ2IjoiMSJ9.OMAhckewDdw7ify-8AoPOpORqZrF3Vn-bmMM4NNXMwvLhiC2LgFZZKLgCEdmkICvUt9-wfepPTIBcNnh0H-1aYBUiZFxK_11QzN5LhUj6K_rqBqv9kx8O8QqYRskM5Ryjd97O3XrhXG1Nxybx5iQheENXVgu7S5ZWgolwkotArKjXU4FfZRBpj2v4wIPxDFJOw9dhwIMaobm9wOH62y7HNFEaaX_Er4TAvllyWZEb9thM-CagWYSDFlFEwUKuPfMbn9ZcGaA5XpI-lHRlFkU_vQesXSH9deWFIlvm3k1ZiU.C1fLE6kDVzAcWqYQcqKglRb_OFgj8VU3Y8ljACiZEt4&dib_tag=se&keywords=25%2BV%2Bcapacitor%2Bpack&qid=1782680774&s=industrial&sr=1-24&th=1
"3A 250V Fast-Blow Glass Fuses, 30PCS 5x20mm 3 amp Electronic Fuses Replacement for Christmas Lights, Appliances & Electronics - 0.2x0.78 Inch (3A)",1,4.99,4.99,Not Owned,https://www.amazon.com/dp/B0FHDFCJM5/ref=twister_B0FHD95CM5?_encoding=UTF8&th=1
3A Inline Holder Pigtail,1,5.99,5.99,Not Owned,https://www.amazon.com/CHANZON-Cartridge-Inline-Holder-Pigtail/dp/B083R51G4M/ref=sr_1_10?crid=10IL8KI6R3UC5&dib=eyJ2IjoiMSJ9.azOPZWcIT-8CNpsbOBjVzlMHYPHEwv8paueuXUpVuep7faGDRocqaLabwz7yEi-48Jb3eQiSuoEEFlrTF7BZqTPc0qKtl23nXQsL0JiGNcnXMzcvisHIw-6_pcCZUOlG_nvFwAyzxyljiy-TsT11ezDqRP8eIE0PYSOuXg_ACP22de0dqoWocUJQniasbey1U0gtVqkwZ7FGwNpOcJhd0E8arH6nbJJXWCX4sWzegPZtA9xHlj41_MAKS5tXwIEjkDVDw2OUrJIvM844pcmaBEcqPPwbZcAWIaU85ly7eXk.5ueQL2uavUoxjjqL_AVqzu475XFHqV7ShUqQf0SFUPs&dib_tag=se&keywords=5x20+mm+inline+fuse+holder&qid=1782661813&s=industrial&sprefix=5x20+mm+inline+fuse+hold%2Cindustrial%2C142&sr=1-10
,,,,,
M3 brass heat-set inserts,1,3.52,3.52,Owned,https://www.aliexpress.us/item/3256806651793931.html?spm=a2g0o.productlist.main.7.3085lnGtlnGth9&algo_pvid=aff0fdac-6808-4241-882a-0473da262fc8&algo_exp_id=aff0fdac-6808-4241-882a-0473da262fc8-6&pdp_ext_f=%7B%22order%22%3A%2211123%22%2C%22eval%22%3A%221%22%2C%22fromPage%22%3A%22search%22%7D&pdp_npi=6%40dis%21USD%213.95%210.99%21%21%2126.72%216.69%21%402103128817826759835896592ef1ab%2112000038467725119%21sea%21US%217848567536%21ABX%211%210%21n_tag%3A-29910%3Bd%3A548d1a24%3Bm03_new_user%3A-29895%3BpisId%3A5000000207262936&curPageLogUid=d2tWsmQmBrUu&utparam-url=scene%3Asearch%7Cquery_from%3A%7Cx_object_id%3A1005006838108683%7C_p_origin_prod%3A
M3 Assorted Screw Set,1,0.99,0.99,Owned,https://www.aliexpress.us/item/3256807011368573.html?spm=a2g0o.order_list.order_list_main.23.2ded1802jo0zMm&gatewayAdapt=glo2usa
M2.5 & M3 Nylon Hex Spacer Kit,1,9.99,9.99,Not Owned,https://www.amazon.com/Jiahezhi-Standoffs-Motherboard-Assembly-Electronics/dp/B0GHQ1BZNZ/ref=sr_1_3?crid=1I8VNPBHHH9IQ&dib=eyJ2IjoiMSJ9.taWSTeG7zN-991pq5-JZpuDjiDNkOjcucmZJdK26bgYdTyYfb2NmXRKT_l-gcvMTj0XdLurb8zBo1MlcVwE8wfw-Sjv9f7wjUQDkuvjNwp6b7N-o9NhiwFhvmSA_EJ3_Je3pKv49E34xDG1Qu9zei9MLbEy6lIeIqJ8jHWGQ3Qnxoe8hIWaPB7XmzlzbXxoqKh-ffXwdDmYOQ-28f8_ASUHLAhUgjcRSfG5OXB-24ALAUqSL5KphdvtDxz18H_xWmAS1BeOZmOgGIDvV9Lv90vN56JM6e6pE71-XwBrF0Hg.fIYSfBgsQSQwLp9rCt62ehkfIijui-Nle6F62jDcIds&dib_tag=se&keywords=440%2BPcs%2BM2.5%2Band%2BM3%2BStandoff%2Band%2BScrews%2BKit&nsdOptOutParam=true&qid=1783652278&s=hi&sprefix=440%2Bpcs%2Bm2.5%2Band%2Bm3%2Bstandoff%2Band%2Bscrews%2Bkit%2Ctools%2C129&sr=1-3&th=1
Perfboard Kit (20 pc),`,7.99,7.99,Not Owned,https://www.amazon.com/Chanzon-Universal-Perfboard-Soldering-Compatible/dp/B07LF78ZY3?th=1
Electrical Wire 14 AWG 14 Gauge Silicone Wire Hook Up Wire Cable 20 Feet [10 ft Black and 10 ft Red] Soft and Flexible 400 Strands 0.08 mm of Tinned Copper Wire High Temperature Resistance,1,9.88,9.88,Not Owned,https://www.amazon.com/Electrical-Silicone-Flexible-Temperature-Resistance/dp/B0746H96QK/ref=sr_1_7?crid=DTP5V78XIZ1V&dib=eyJ2IjoiMSJ9.hUkH-0f-gPELVYvtSDgi0Cv5wIuGObgOldZhxRVI4_LHG2Dj2rTItbpEniORVA16NKknCuhXnU5Luia6L5opTVSjNgqIF_4QvnwJZoPPK6dO4ukN2qZfWeXU9nS5IIbJcwJAdtqun_DpB9GnsdIX9y5R82cLohGkXsznbY37DG05G_VI36YD3TKwj3Rj5gUHNsFIIvTYp4N7w4jDsF79QflBF1O9uRLxmmcp13F2C5ZqezZMJELOw1755rk1Nu1ydXhLIDJUknF89CcTIMFPJy37AjlZN9-ESRooAjyv-as.i0a5OHbOrex_3AeqnpiRirv8iH0Dh9-hsank8wVnpJ4&dib_tag=se&keywords=14%2BAWG%2Bsilicone%2Bwire%2C%2Bred%2Bblack%2C%2B2m%2Beach&qid=1781896092&s=industrial&sprefix=14%2Bawg%2Bsilicone%2Bwire%2C%2Bred%2Bblack%2C%2B2m%2Beach%2Cindustrial%2C135&sr=1-7&th=1
Acoustic Damping Foam 1/2 inch,1,11.5,11.5,Not Owned,https://www.parts-express.com/Sonic-Barrier-1-2-Acoustic-Foam-w-PSA-18-x-24-260-520?quantity=1
,,,,,
" WONDOM TPA3116D2 stereo Class-D board, analog 3.5mm input",1,9.99,9.99,Not Owned,https://www.amazon.com/Receiver-Amplifier-TPA3116-Bypass-Background/dp/B0FHKNZHT8/ref=sr_1_25?dib=eyJ2IjoiMSJ9.vbytIYn2J9S2Pq7nozM1R7oyYf85VrAB30FSd7eUPklNlL9o_LJDnt_mEGQizWbzWWj7aP9hCS-ZU0CyyEE-loDG5fbt2TCpW7E2G53tXYyzCDA21a6T33PZBZM5rrgUlm8muC4NQdwRaxuXXqx7X0YT6SF8L9siq0wvB1SIbfEX1025zrphO0TsvOF3skyAMUNE3CmZVH9IOw3hkccvVJPCOp5gIjpPuBsWw_d6nIOvNGkpZPbTHPftrkW4i7eBe23OZ7PUVm2SUxD17cOD8FXxczTqIcg8cBHCKLxStEg.NCm2gOaaUec6Obh1k8CJV4xwUxmkt401fvEJqYMv9TU&dib_tag=se&keywords=TPA3116D2&qid=1783654324&s=electronics&sr=1-25
,,,,,
Soldering Iron Kit ,1,24.99,24.99,Owned,https://www.amazon.com/Soldering-Iron-Kit-Temperature-Desoldering/dp/B07S61WT16?ref_=ast_sto_dp&th=1
XTC-3D,1,19.99,19.99,Not Owned,https://www.amazon.com/Smooth-XTC-3DTM-Special-Effects-Silicone/dp/B01BKSLI9M/ref=sr_1_1?crid=LF7BXCETHFWE&dib=eyJ2IjoiMSJ9.5fukMt_h-e9D7jv5GnI23xBfyw0RTsbODnLHPP3BpYYyNny9Rp0JpnBRG-HZ8ufswRvXrgyKVwK94d0H4xYWA3WkaRMK1hcw1hjxcN1a-_oiVYIVqyUIweS60JETzOz0rKDHui2UBHUQ5aW5oQysqVTI2EhqPCans2gPnsDDXTA.fY7iCEb4IKhPU08wCz7NaAgDBUPe4lTo_bqS0E65ues&dib_tag=se&keywords=XTC-3D&qid=1782660212&sprefix=xtc-3d%2Caps%2C207&sr=8-1&th=1
Kapton Tape,1,3.12,3.12,Owned,https://www.aliexpress.us/item/3256806095164363.html?spm=a2g0o.productlist.main.4.4070e3794tT9gb&aem_p4p_detail=20260628113357798358763900750002309709&algo_pvid=96f07e7d-bd9b-477c-8f74-7708d28bee82&algo_exp_id=96f07e7d-bd9b-477c-8f74-7708d28bee82-3&pdp_ext_f=%7B%22order%22%3A%223163%22%2C%22eval%22%3A%221%22%2C%22fromPage%22%3A%22search%22%7D&pdp_npi=6%40dis%21USD%211.03%210.99%21%21%216.97%216.70%21%402103123917826716369511955e356f%2112000036594893885%21sea%21US%217848567536%21ABX%211%210%21n_tag%3A-29910%3Bd%3A548d1a24%3Bm03_new_user%3A-29895%3BpisId%3A5000000208023469&curPageLogUid=0f6kC8lXuGdc&utparam-url=scene%3Asearch%7Cquery_from%3A%7Cx_object_id%3A1005006281479115%7C_p_origin_prod%3A&search_p4p_id=20260628113357798358763900750002309709_1
Kraken Bond Neutral Waterproof Silicone,1,7.19,7.19,Not Owned,https://www.amazon.com/Kraken-Bond-Neutral-Waterproof-Silicone/dp/B0BN4CPHRJ/ref=sr_1_4?crid=281EZUBR8ZLDJ&dib=eyJ2IjoiMSJ9.2E3kjS08tYoJ7AMDPvNudowitI2K6WhloEwoQ6ooPhVj9emlnSi5i2WCPtZusfWtPXfhS76_0C--DTVPTklePoE1ygnC1wWOqbXrZVmsX3Fh08gVQZMM0BNKpOCgcEndu3JXxp-rwW5q_C2zEDTxFVCgCPKZD7ygC1OjmX8-XR7_ZrVzllNSdx5Jp53I1j3IRw4ZkM_UABRhgZdbhE5GKQYn7-y28st7MIZ4uEhyOyo.UDLW_-H7NUjemmaP6e01P9jTIuqUK-nkHjTA8FW6cgo&dib_tag=se&keywords=neutral-cure%2Bsilicone%2Brtv%2Bsealant&qid=1782493244&sprefix=neutral-cure%2Bsilicone%2Brtv%2Bsealeant%2Caps%2C156&sr=8-4&th=1
High-Desnity EVA Foam Speaker Gasket Tape,1,1.56,1.56,Owned,https://www.aliexpress.us/item/3256808108759147.html?spm=a2g0o.productlist.main.2.67f9IzmaIzmaJ9&algo_pvid=c6f053b9-1cff-45d8-8bf7-45b83bff404d&algo_exp_id=c6f053b9-1cff-45d8-8bf7-45b83bff404d-1&pdp_ext_f=%7B%22order%22%3A%225282%22%2C%22eval%22%3A%221%22%2C%22fromPage%22%3A%22search%22%7D&pdp_npi=6%40dis%21USD%211.56%210.99%21%21%2110.56%216.70%21%402103122117826770400227121ee943%2112000044524205660%21sea%21US%217848567536%21ABX%211%210%21n_tag%3A-29910%3Bd%3A548d1a24%3Bm03_new_user%3A-29895%3BpisId%3A5000000207262936&curPageLogUid=k2vlWVdXp6f8&utparam-url=scene%3Asearch%7Cquery_from%3A%7Cx_object_id%3A1005008295073899%7C_p_origin_prod%3A
3Kg Black PETG Filament,1,39.99,39.99,Not Owned,https://www.amazon.com/SUNLU-PETG-Filament-1-75mm-Stringing/dp/B0DDQ2DKTS/ref=sr_1_8?dib=eyJ2IjoiMSJ9.tGmG4-gbZfjlerqNmtZvxCQqEjHCP2O94p8KwjFuGKVGmVd3RHOxeRGb0c2so3nPweULRUW-me99fpcA6D5BURoLYypOksc_FNvIIaBmoKKqRXkPR8cATQvRBoEpuzKRKARr_1ZUiT_9-nbiXjl1T7MziixkCxRWFBaB-eDzT3ODYrL3lJkaejEc9zzF14n2f4C52KZejhAQCh8r333fIvVAv8ONJ-G--yoxE2ZOPlI.XASXdwSqVxPJFu358wZWPgVmOzObeeYYMod6XVVKaTg&dib_tag=se&keywords=PETG%2Bblack&qid=1783737570&sr=8-8&th=1
,,,0,,
Adhesive Wood Vinyl,1,4.99,4.99,Not Owned,https://www.amazon.com/Dimoon-Wallpaper-Waterproof-Removable-Self-Adhesive/dp/B09X1GFY7M/ref=sr_1_30?crid=3A1GABLADAVW5&dib=eyJ2IjoiMSJ9.LccGgiYlXREJhgekfoDX9sE4niPWuFIO2ZwDD4PGSYsTXnZoMHXcwkCa8GDc6HUNDOe0xWcSTvJcTzkleuBK12F8JrJLDobZvWM9ycQlJP-jg5d3tp92mBQ99RlXuzlKRed6k_bKhPvwVXli3V24nK5OqIDINFvIWjC4mIFVGKyqCupHzCRDcQqjLcVxYW7FWwIaJirlb4pa8K8NsNChHl5ibPi5-SBpF8BtVuiPo5i5ZbqYq3EiQOEagSZuCaiqTtKnYcNzCC_aO8qlJN1_8iTpkmgP1YpkrEgEVsdDYIc.EsVLCHotgrN597d-mph6HLvdBoAniq2y9m_qYztiThE&dib_tag=se&keywords=wood%2Bvinyl&qid=1783369114&sprefix=wood%2Bvinyl%2Badhesive%2Caps%2C265&sr=8-30&th=1
Silver Volume Knob Cap,1,9.99,9.99,Not Owned,https://www.amazon.com/KAISH-Aluminium-Potentiometer-Universal-Indicator/dp/B0B375DC6Q/ref=sr_1_17?dib=eyJ2IjoiMSJ9.9qb0nGQyPb5exv3J-FGySrwavsaLGBRUifVK5GVofUhJ3AXm2UphWXHmwCIkeg-GhuvO-MpfxPSisOC8pyoGjEh3zjkW9TCO2CVbZQENwcpzJTlbAaS5nQrOaH5IOVuCtXqLREOEKjGHYM-eFN7q62aRU6AW9yIIw-gMROqXLszRGXsB53oVN37m-7NpzOFuCnDNwKlU3QhpNBdEyVGW6RVL0xxVtNsvdf3rk7yd88ILVhCbTBKU0d3TtaybVGZpllXGDiawBBOeFSdm3LeepieIbdHkUjDoN556FPYuA-Q.qRuFhFVXpCCFQgHZNcx6EA50-3PwbEtIT_XYax8evSk&dib_tag=se&keywords=potentiometer%2Bknobs%2Bsilver&qid=1783710431&sr=8-17&th=1
Rotary Encoder,1,2.23,2.23,Not Owned,https://www.mouser.com/ProductDetail/Bourns/PEC11R-4015F-S0024?qs=Zq5ylnUbLm4l0nvCUCX4Xw%3D%3D
AR Fiber Glass,1,11.99,11.99,Not Owned,https://www.amazon.com/UPTTHOW-Fiberglass-Reinforcement-Anti-seepage-Anti-cracking/dp/B099NDS6V2/ref=sr_1_10?channelId=500&clpRedir=Y&dib=eyJ2IjoiMSJ9.AS6Gs9u5xHN0-3pN9npuruE0H3mqfPkfV3mGStANptjP-QHqUEdCvLrsYw9OKX6aBuuPHXMO7-VpbOXDzHnUEgEesDd0M8tus2Yh112jF6TIdH84kzFtRZ1udCU2Uz_ilNysrKDgmwlDmXhw0_osisH81xOA-sQ4WmChky7PBWjIsLhd56nJI66kCfhv3dzLvAtCKtEn0V-Te9eWB2LOKXCFwp1EZMf7e5s27HEOF-h2yR07LHN6APzfQ8JOxrtfnDbngOKYwt1FbwFKepcAjuBKkyrMOSj_EROhu6oZ7A0.4UtegKRhQ7FXDw9U46eMrRtqx11NAwxOVY9RsF2Sqwk&dib_tag=se&keywords=ar%2Bglass%2Bfiber&plpRedirect=mhFallback&qid=1783791610&sr=8-10&th=1
Matte Light Grey Concrete,1,21.97,21.97,Not Owned,https://www.homedepot.com/p/Rapid-Set-25-lbs-Cement-All-Multi-Purpose-Construction-Material-02020025/202188462
